chr,start,end,ref,alt,func.refgene,gene.refgene,genedetail.refgene,exonicfunc.refgene,aachange.refgene,1000g_all,1000g_afr,1000g_amr,1000g_eas,1000g_eur,1000g_sas,exac_freq,exac_afr,exac_amr,exac_eas,exac_fin,exac_nfe,exac_oth,exac_sas,esp6500si_all,esp6500si_aa,esp6500si_ea,cg46,nci60,dbsnp,cosmic_id,cosmic_dis,clinvar_sig,clinvar_dis,clinvar_id,clinvar_db,clinvar_dbid,gwas_dis,gwas_or,gwas_beta,gwas_pubmed,gwas_snp,gwas_p,sift_score,sift_converted_rankscore,sift_pred,polyphen2_hdiv_score,polyphen2_hdiv_rankscore,polyphen2_hdiv_pred,polyphen2_hvar_score,polyphen2_hvar_rankscore,polyphen2_hvar_pred,lrt_score,lrt_converted_rankscore,lrt_pred,mutationtaster_score,mutationtaster_converted_rankscore,mutationtaster_pred,mutationassessor_score,mutationassessor_score_rankscore,mutationassessor_pred,fathmm_score,fathmm_converted_rankscore,fathmm_pred,provean_score,provean_converted_rankscore,provean_pred,vest3_score,vest3_rankscore,metasvm_score,metasvm_rankscore,metasvm_pred,metalr_score,metalr_rankscore,metalr_pred,m-cap_score,m-cap_rankscore,m-cap_pred,cadd_raw,cadd_raw_rankscore,cadd_phred,dann_score,dann_rankscore,fathmm-mkl_coding_score,fathmm-mkl_coding_rankscore,fathmm-mkl_coding_pred,eigen_coding_or_noncoding,eigen-raw,eigen-pc-raw,genocanyon_score,genocanyon_score_rankscore,integrated_fitcons_score,integrated_fitcons_score_rankscore,integrated_confidence_value,gerp++_rs,gerp++_rs_rankscore,phylop100way_vertebrate,phylop100way_vertebrate_rankscore,phylop20way_mammalian,phylop20way_mammalian_rankscore,phastcons100way_vertebrate,phastcons100way_vertebrate_rankscore,phastcons20way_mammalian,phastcons20way_mammalian_rankscore,siphy_29way_logodds,siphy_29way_logodds_rankscore,interpro_domain,gtex_v6_gene,gtex_v6_tissue,gnomad_exome_all,gnomad_exome_afr,gnomad_exome_amr,gnomad_exome_asj,gnomad_exome_eas,gnomad_exome_fin,gnomad_exome_nfe,gnomad_exome_oth,gnomad_exome_sas,gnomad_genome_all,gnomad_genome_afr,gnomad_genome_amr,gnomad_genome_asj,gnomad_genome_eas,gnomad_genome_fin,gnomad_genome_nfe,gnomad_genome_oth,otherinfo,otherinfo,otherinfo,otherinfo,otherinfo,otherinfo,otherinfo,otherinfo,otherinfo,otherinfo,otherinfo,otherinfo,otherinfo
chr1,150308112,150308112,T,C,exonic,MRPS21,"",nonsynonymous SNV,"MRPS21:NM_018997:exon2:c.T148C:p.C50R,MRPS21:NM_031901:exon3:c.T148C:p.C50R",.,.,.,.,.,.,.,.,.,.,.,.,.,.,.,.,.,.,.,.,.,.,.,.,.,.,.,.,.,.,.,.,.,.,.,.,.,.,.,.,.,.,.,.,.,.,.,.,.,.,.,.,.,.,.,.,.,.,.,.,.,.,.,.,.,.,.,.,.,.,.,.,.,.,.,.,.,.,.,0.747,0.233,0.707,0.730,0,4.93,0.643,1.950,0.397,0.028,0.149,1.000,0.715,0.707,0.311,12.974,0.578,.,.,.,.,.,.,.,.,.,.,.,.,.,.,.,.,.,.,.,.,hom,59.2,77,chr1,150308112,.,T,C,59.2,PASS,.,GT:GQ:DP:AD:VAF:PL,"1/1:49:77:0,77:1:59,49,0"
chr1,171208951,171208951,C,T,exonic,FMO2,"",stopgain,"FMO2:NM_001301347:exon7:c.C754T:p.Q252X,FMO2:NM_001460:exon9:c.C1414T:p.Q472X",.,.,.,.,.,.,.,.,.,.,.,.,.,.,.,.,.,.,.,.,.,.,.,.,.,.,.,.,.,.,.,.,.,.,.,.,.,.,.,.,.,.,.,.,.,.,.,.,.,.,.,.,.,.,.,.,.,.,.,.,.,.,.,.,.,.,.,.,.,.,.,.,.,.,.,.,.,.,.,1.000,0.747,0.033,0.002,2,5.99,0.973,7.905,0.864,0.852,0.362,1.000,0.715,0.992,0.562,14.434,0.667,.,.,.,.,.,.,.,.,.,.,.,.,.,.,.,.,.,.,.,.,hom,62.9,122,chr1,171208951,.,C,T,62.9,PASS,.,GT:GQ:DP:AD:VAF:PL,"1/1:51:122:0,121:0.991803:62,51,0"
chr5,141101254,141101254,C,G,exonic,PCDHB3,"",nonsynonymous SNV,PCDHB3:NM_018937:exon1:c.C605G:p.P202R,.,.,.,.,.,.,.,.,.,.,.,.,.,.,.,.,.,.,.,.,.,.,.,.,.,.,.,.,.,.,.,.,.,.,.,.,.,.,.,.,.,.,.,.,.,.,.,.,.,.,.,.,.,.,.,.,.,.,.,.,.,.,.,.,.,.,.,.,.,.,.,.,.,.,.,.,.,.,.,1.000,0.747,0.566,0.321,0,5.08,0.682,7.715,0.836,0.077,0.185,0.997,0.399,0.774,0.328,18.481,0.907,Cadherin|Cadherin-like,.,.,.,.,.,.,.,.,.,.,.,.,.,.,.,.,.,.,.,hom,61.9,88,chr5,141101254,.,C,G,61.9,PASS,.,GT:GQ:DP:AD:VAF:PL,"1/1:56:88:0,88:1:61,57,0"
chr5,141180333,141180333,C,T,exonic,PCDHB8,"",nonsynonymous SNV,PCDHB8:NM_019120:exon1:c.C2299T:p.L767F,.,.,.,.,.,.,.,.,.,.,.,.,.,.,.,.,.,.,.,.,.,.,.,.,.,.,.,.,.,.,.,.,.,.,.,.,.,.,.,.,.,.,.,.,.,.,.,.,.,.,.,.,.,.,.,.,.,.,.,.,.,.,.,.,.,.,.,.,.,.,.,.,.,.,.,.,.,.,.,1.000,0.480,0.581,0.326,0,4.53,0.548,2.368,0.436,0.090,0.195,0.359,0.256,0.001,0.043,13.548,0.610,Cadherin\x2c cytoplasmic C-terminal domain,.,.,.,.,.,.,.,.,.,.,.,.,.,.,.,.,.,.,.,hom,58,105,chr5,141180333,.,C,T,58,PASS,.,GT:GQ:DP:AD:VAF:PL,"1/1:50:105:0,105:1:58,50,0"
chr7,142865498,142865498,G,T,exonic,EPHB6,"",nonsynonymous SNV,"EPHB6:NM_001280795:exon4:c.G94T:p.A32S,EPHB6:NM_004445:exon5:c.G973T:p.A325S,EPHB6:NM_001280794:exon7:c.G94T:p.A32S",.,.,.,.,.,.,.,.,.,.,.,.,.,.,.,.,.,.,.,.,.,.,.,.,.,.,.,.,.,.,.,.,.,.,.,.,.,.,.,.,.,.,.,.,.,.,.,.,.,.,.,.,.,.,.,.,.,.,.,.,.,.,.,.,.,.,.,.,.,.,.,.,.,.,.,.,.,.,.,0.995,0.338,0.696,0.567,0,4.54,0.551,-0.006,0.127,1.048,0.713,0.074,0.220,0.685,0.306,12.726,0.564,Growth factor receptor cysteine-rich domain|Tyrosine-protein kinase ephrin type A/B receptor-like,.,.,.,.,.,.,.,.,.,.,.,.,.,.,.,.,.,.,.,hom,55,63,chr7,142865498,.,G,T,55,PASS,.,GT:GQ:DP:AD:VAF:PL,"1/1:44:63:0,63:1:54,43,0"
chr7,142912583,142912583,T,C,exonic,TRPV5,"",nonsynonymous SNV,TRPV5:NM_019841:exon13:c.A1687G:p.T563A,.,.,.,.,.,.,.,.,.,.,.,.,.,.,.,.,.,.,.,.,.,.,.,.,.,.,.,.,.,.,.,.,.,.,.,.,.,.,.,.,.,.,.,.,.,.,.,.,.,.,.,.,.,.,.,.,.,.,.,.,.,.,.,.,.,.,.,.,.,.,.,.,.,.,.,.,.,.,.,0.008,0.116,0.570,0.322,0,3.74,0.419,1.002,0.292,-0.328,0.075,0.960,0.334,0.294,0.236,8.657,0.330,Ion transport domain,.,.,.,.,.,.,.,.,.,.,.,.,.,.,.,.,.,.,.,hom,62.8,116,chr7,142912583,.,T,C,62.8,PASS,.,GT:GQ:DP:AD:VAF:PL,"1/1:53:116:0,115:0.991379:62,53,0"
chr7,151180968,151180968,C,T,exonic,ASB10,"",nonsynonymous SNV,"ASB10:NM_001142459:exon3:c.G1075A:p.V359I,ASB10:NM_001142460:exon3:c.G1075A:p.V359I,ASB10:NM_080871:exon3:c.G1030A:p.V344I",0.021,.,.,.,0.001,0.1,0.0144,0.0006,0.0010,0,0,0.0005,0.0172,0.1226,0.0003,0.0005,0.0002,0.011,.,rs201566253,.,.,.,.,.,.,.,.,.,.,.,.,.,0.475,0.089,T,0.985,0.764,D,0.486,0.818,P,0.000,0.559,N,0.960,0.262,N,0.27,0.100,N,-0.31,0.680,T,-0.49,0.181,N,0.125,0.150,-0.851,0.519,T,0.242,0.611,T,.,.,.,0.976,0.187,10.52,0.979,0.365,0.687,0.336,D,c,0.001,-0.015,0.999,0.398,0.497,0.185,0,4.24,0.493,1.960,0.398,0.892,0.403,0.965,0.337,0.138,0.202,6.877,0.232,Ankyrin repeat-containing domain,.,.,0.0093,0.0002,0.0001,0,0.0001,0,0.0003,0.0049,0.0706,0.0003,0.0002,0,0,0,0,0.0001,0.0041,hom,55.1,70,chr7,151180968,.,C,T,55.1,PASS,.,GT:GQ:DP:AD:VAF:PL,"1/1:45:70:0,70:1:55,45,0"
chr8,76842766,76842766,A,C,exonic,ZFHX4,"",nonsynonymous SNV,ZFHX4:NM_024721:exon6:c.A3506C:p.D1169A,.,.,.,.,.,.,.,.,.,.,.,.,.,.,.,.,.,.,.,.,.,.,.,.,.,.,.,.,.,.,.,.,.,0.19,0.211,T,0.998,0.764,D,0.991,0.832,D,0.001,0.424,U,0.998,0.477,D,0.35,0.120,N,0.75,0.502,T,-3.0,0.623,D,0.77,0.786,-0.978,0.354,T,0.133,0.446,T,0.009,0.238,T,3.074,0.429,22.5,0.990,0.506,0.966,0.700,D,c,0.362,0.429,1.000,0.747,0.554,0.246,0,4.96,0.650,7.887,0.857,1.088,0.866,1.000,0.715,0.996,0.625,14.772,0.692,.,.,.,.,.,.,.,.,.,.,.,.,.,.,.,.,.,.,.,.,hom,58.3,57,chr8,76842766,.,A,C,58.3,PASS,.,GT:GQ:DP:AD:VAF:PL,"1/1:51:57:0,57:1:58,51,0"
chr8,144138810,144138810,G,C,exonic,HGH1,"",nonsynonymous SNV,HGH1:NM_016458:exon3:c.G790C:p.E264Q,.,.,.,.,.,.,.,.,.,.,.,.,.,.,.,.,.,.,.,.,.,.,.,.,.,.,.,.,.,.,.,.,.,0.018,0.506,D,0.433,0.338,B,0.574,0.482,P,0.003,0.350,N,0.984,0.401,D,2.47,0.719,M,0.72,0.510,T,-2.35,0.519,N,0.163,0.196,-0.862,0.511,T,0.185,0.534,T,0.016,0.373,T,4.588,0.614,24.4,0.997,0.791,0.975,0.752,D,c,0.287,0.323,1.000,0.420,0.693,0.558,0,4.02,0.458,3.552,0.532,1.036,0.656,1.000,0.715,0.992,0.562,6.560,0.215,Armadillo-like helical|Armadillo-type fold|Protein HGH1 N-terminal,.,.,.,.,.,.,.,.,.,.,.,.,.,.,.,.,.,.,.,hom,44.5,37,chr8,144138810,.,G,C,44.5,PASS,.,GT:GQ:DP:AD:VAF:PL,"1/1:34:37:0,37:1:44,34,0"
chr8,144355665,144355665,C,T,exonic,FBXL6,"",nonsynonymous SNV,"FBXL6:NM_012162:exon9:c.G1486A:p.G496S,FBXL6:NM_024555:exon9:c.G1468A:p.G490S",.,.,.,.,.,.,.,.,.,.,.,.,.,.,.,.,.,.,.,.,.,.,.,.,.,.,.,.,.,.,.,.,.,.,.,.,.,.,.,.,.,.,.,.,.,.,.,.,.,.,.,.,.,.,.,.,.,.,.,.,.,.,.,.,.,.,.,.,.,.,.,.,.,.,.,.,.,.,.,1.000,0.747,0.646,0.442,0,3.73,0.418,0.296,0.187,-0.254,0.089,0.091,0.224,0.975,0.474,7.702,0.276,Leucine-rich repeat domain\x2c L domain-like,.,.,.,.,.,.,.,.,.,.,.,.,.,.,.,.,.,.,.,hom,56.3,36,chr8,144355665,.,C,T,56.3,PASS,.,GT:GQ:DP:AD:VAF:PL,"1/1:51:36:0,36:1:56,52,0"
chr8,144414297,144414297,C,G,exonic,SLC39A4,"",nonsynonymous SNV,"SLC39A4:NM_017767:exon5:c.G1039C:p.V347L,SLC39A4:NM_130849:exon6:c.G1114C:p.V372L",.,.,.,.,.,.,.,.,.,.,.,.,.,.,.,.,.,.,.,.,.,.,.,.,.,.,.,.,.,.,.,.,.,.,.,.,.,.,.,.,.,.,.,.,.,.,.,.,.,.,.,.,.,.,.,.,.,.,.,.,.,.,.,.,.,.,.,.,.,.,.,.,.,.,.,.,.,.,.,1.000,0.747,0.609,0.351,0,4.12,0.473,1.246,0.322,0.090,0.195,0.908,0.314,0.019,0.132,12.895,0.573,.,.,.,.,.,.,.,.,.,.,.,.,.,.,.,.,.,.,.,.,hom,53.8,67,chr8,144414297,.,C,G,53.8,PASS,.,GT:GQ:DP:AD:VAF:PL,"1/1:50:67:0,67:1:53,52,0"
chr11,118786120,118786120,C,G,exonic,DDX6,"",nonsynonymous SNV,"DDX6:NM_001257191:exon2:c.G132C:p.Q44H,DDX6:NM_004397:exon2:c.G132C:p.Q44H",.,.,.,.,.,.,.,.,.,.,.,.,.,.,.,.,.,.,.,.,.,.,.,.,.,.,.,.,.,.,.,.,.,0.229,0.183,T,0.838,0.444,P,0.205,0.354,B,0.065,0.219,N,1.000,0.588,D,0.695,0.181,N,1.55,0.299,T,-0.48,0.154,N,0.396,0.455,-1.120,0.023,T,0.050,0.213,T,0.004,0.109,T,3.188,0.442,22.7,0.988,0.457,0.974,0.744,D,c,0.307,0.417,1.000,0.747,0.722,0.854,0,5.26,0.734,4.594,0.605,0.935,0.490,1.000,0.715,1.000,0.888,13.014,0.580,.,.,.,.,.,.,.,.,.,.,.,.,.,.,.,.,.,.,.,.,hom,62,64,chr11,118786120,.,C,G,62,PASS,.,GT:GQ:DP:AD:VAF:PL,"1/1:59:64:0,64:1:62,62,0"
chr11,118786121,118786121,T,G,exonic,DDX6,"",nonsynonymous SNV,"DDX6:NM_001257191:exon2:c.A131C:p.Q44P,DDX6:NM_004397:exon2:c.A131C:p.Q44P",.,.,.,.,.,.,.,.,.,.,.,.,.,.,.,.,.,.,.,.,.,.,.,.,.,.,.,.,.,.,.,.,.,0.143,0.253,T,0.596,0.373,P,0.069,0.263,B,0.065,0.219,N,1.000,0.588,D,0.695,0.181,N,1.55,0.299,T,-0.48,0.154,N,0.43,0.486,-1.092,0.052,T,0.046,0.197,T,0.006,0.172,T,3.025,0.424,22.3,0.986,0.434,0.966,0.698,D,c,0.158,0.300,1.000,0.747,0.722,0.854,0,5.26,0.734,5.719,0.679,1.061,0.807,1.000,0.715,1.000,0.888,11.658,0.504,.,.,.,.,.,.,.,.,.,.,.,.,.,.,.,.,.,.,.,.,hom,62.2,64,chr11,118786121,.,T,G,62.2,PASS,.,GT:GQ:DP:AD:VAF:PL,"1/1:60:64:0,64:1:62,63,0"
chr11,126292695,126292695,G,A,exonic,TIRAP,"",nonsynonymous SNV,"TIRAP:NM_001318776:exon4:c.G286A:p.D96N,TIRAP:NM_001318777:exon4:c.G286A:p.D96N,TIRAP:NM_001039661:exon5:c.G286A:p.D96N,TIRAP:NM_148910:exon5:c.G286A:p.D96N",0.0014,.,0.0029,.,0.002,0.0031,0.0030,0.0002,0.0022,0.0001,0.0003,0.0033,0.0105,0.0057,0.0019,0.0002,0.0028,0.011,.,rs8177400,.,.,.,.,.,.,.,.,.,.,.,.,.,0.0,0.912,D,1.0,0.899,D,1.0,0.971,D,0.000,0.843,D,1.000,0.537,D,2.56,0.750,M,3.13,0.080,T,-4.68,0.800,D,0.34,0.401,-1.128,0.019,T,0.083,0.325,T,.,.,.,6.354,0.877,29.4,0.999,0.984,0.983,0.813,D,c,0.816,0.782,1.000,0.747,0.461,0.090,0,5.41,0.782,8.547,0.904,0.953,0.551,1.000,0.715,0.993,0.574,19.193,0.936,Toll/interleukin-1 receptor homology (TIR) domain,.,.,0.0027,0.0003,0.0022,0.0121,5.811e-05,0.0002,0.0027,0.0029,0.0051,0.0013,0,0.0012,0.0166,0,0,0.0023,0,hom,56,71,chr11,126292695,.,G,A,56,PASS,.,GT:GQ:DP:AD:VAF:PL,"1/1:46:71:2,69:0.971831:55,45,0"
chr12,52899801,52899801,C,A,exonic,KRT8,"",nonsynonymous SNV,"KRT8:NM_002273:exon5:c.G955T:p.A319S,KRT8:NM_001256282:exon6:c.G1039T:p.A347S,KRT8:NM_001256293:exon6:c.G955T:p.A319S",0.0008,.,.,.,.,0.0041,0.0038,0.0016,0.0009,0,0.0009,0.0055,0,0.0041,0.0066,0.0025,0.0087,.,.,rs58912304,.,.,not provided,not_provided,RCV000056943.1,MedGen,CN221809,.,.,.,.,.,.,0.566,0.071,T,0.893,0.472,P,0.679,0.516,P,0.028,0.257,N,0.955,0.400,D,0.34,0.105,N,-1.23,0.789,T,-0.43,0.146,N,0.075,0.153,-0.783,0.562,T,0.202,0.558,T,0.029,0.513,D,2.452,0.356,19.16,0.992,0.541,0.306,0.239,N,c,-0.543,-0.492,1.000,0.747,0.672,0.522,0,3.53,0.394,0.254,0.179,0.061,0.167,0.879,0.307,0.939,0.413,7.196,0.249,.,.,.,0.0037,0.0012,0.0015,0.0005,0,0.0013,0.0060,0.0029,0.0040,0.0033,0.0003,0,0,0,0.0009,0.0060,0.0051,hom,48.3,45,chr12,52899801,.,C,A,48.3,PASS,.,GT:GQ:DP:AD:VAF:PL,"1/1:33:45:0,45:1:48,33,0"
chr12,55321464,55321464,A,C,exonic,OR6C1,"",nonsynonymous SNV,OR6C1:NM_001005182:exon1:c.A865C:p.S289R,0.0014,0.0008,0.0043,.,0.002,0.001,0.0054,0.0010,0.0061,0.0001,0.0006,0.0076,0.0110,0.0036,0.0052,0.0011,0.0072,.,.,rs141094641,.,.,.,.,.,.,.,.,.,.,.,.,.,0.0,0.912,D,0.575,0.368,P,0.382,0.421,B,0.000,0.537,D,1,0.090,N,2.81,0.821,M,1.09,0.392,T,-2.14,0.485,N,0.52,0.567,-0.795,0.554,T,0.144,0.467,T,.,.,.,4.285,0.574,24.0,0.995,0.691,0.269,0.229,N,c,0.077,0.032,0.000,0.052,0.487,0.133,0,5.34,0.759,1.185,0.315,1.066,0.848,0.038,0.207,0.881,0.369,15.134,0.721,.,.,.,0.0056,0.0006,0.0058,0.0329,5.811e-05,0.0004,0.0059,0.0101,0.0038,0.0033,0.0010,0.0036,0.0464,0,0.0003,0.0045,0.0071,hom,53.9,55,chr12,55321464,.,A,C,53.9,PASS,.,GT:GQ:DP:AD:VAF:PL,"1/1:47:55:0,55:1:53,47,0"
chr12,55452341,55452341,T,C,exonic,OR6C2,"",nonsynonymous SNV,OR6C2:NM_054105:exon1:c.T128C:p.I43T,0.001,.,0.0014,.,0.003,0.001,0.0024,9.615e-05,0.0017,0.0001,0.0005,0.0033,0.0011,0.0024,0.0015,.,0.0022,.,.,rs145941340,.,.,.,.,.,.,.,.,.,.,.,.,.,0.0,0.912,D,0.999,0.764,D,0.989,0.769,D,0.000,0.629,D,0.790,0.344,D,2.655,0.780,M,6.76,0.005,T,-4.51,0.782,D,0.81,0.799,-1.037,0.182,T,0.008,0.027,T,0.002,0.028,T,3.699,0.502,23.3,0.994,0.637,0.991,0.910,D,c,0.625,0.473,0.054,0.150,0.487,0.133,0,5.42,0.786,5.926,0.696,1.043,0.663,0.993,0.376,0.002,0.062,14.421,0.666,GPCR\x2c rhodopsin-like\x2c 7TM,.,.,0.0023,0.0001,0.0021,0.0107,5.8e-05,0.0002,0.0027,0.0027,0.0024,0.0011,0.0001,0.0012,0.0132,0,0,0.0018,0.0020,hom,55.3,69,chr12,55452341,.,T,C,55.3,PASS,.,GT:GQ:DP:AD:VAF:PL,"1/1:45:69:0,69:1:55,45,0"
chr12,80460849,80460849,C,T,exonic,PTPRQ,"",nonsynonymous SNV,PTPRQ:NM_001145026:exon6:c.C857T:p.A286V,.,.,.,.,.,.,.,.,.,.,.,.,.,.,.,.,.,.,.,.,.,.,.,.,.,.,.,.,.,.,.,.,.,.,.,.,.,.,.,.,.,.,.,.,.,.,.,.,.,.,.,.,.,.,.,.,.,.,.,.,.,.,.,.,.,.,.,.,.,.,.,.,.,.,.,.,n,1.363,0.060,0.010,0.120,0.061,0.009,0,5.25,0.731,3.736,0.545,0.119,0.209,1.000,0.715,0.983,0.502,11.107,0.472,Fibronectin type III|Immunoglobulin-like fold,.,.,.,.,.,.,.,.,.,.,.,.,.,.,.,.,.,.,.,hom,55.7,32,chr12,80460849,.,C,T,55.7,PASS,.,GT:GQ:DP:AD:VAF:PL,"1/1:41:32:0,32:1:55,40,0"
chr14,21523492,21523492,G,C,exonic,SALL2,"",nonsynonymous SNV,"SALL2:NM_005407:exon2:c.C2236G:p.R746G,SALL2:NM_001291446:exon3:c.C1831G:p.R611G,SALL2:NM_001291447:exon3:c.C1825G:p.R609G",.,.,.,.,.,.,.,.,.,.,.,.,.,.,.,.,.,.,.,.,.,.,.,.,.,.,.,.,.,.,.,.,.,.,.,.,.,.,.,.,.,.,.,.,.,.,.,.,.,.,.,.,.,.,.,.,.,.,.,.,.,.,.,.,.,.,.,.,.,.,.,.,.,.,.,.,.,.,.,1.000,0.747,0.722,0.854,0,4.76,0.600,1.595,0.361,0.014,0.141,0.051,0.212,0.269,0.231,8.821,0.340,.,.,.,.,.,.,.,.,.,.,.,.,.,.,.,.,.,.,.,.,hom,57.5,89,chr14,21523492,.,G,C,57.5,PASS,.,GT:GQ:DP:AD:VAF:PL,"1/1:52:89:0,89:1:57,53,0"
chr14,21634283,21634283,G,C,exonic,OR10G2,"",nonsynonymous SNV,OR10G2:NM_001005466:exon1:c.C560G:p.P187R,.,.,.,.,.,.,.,.,.,.,.,.,.,.,.,.,.,.,.,.,.,.,.,.,.,.,.,.,.,.,.,.,.,.,.,.,.,.,.,.,.,.,.,.,.,.,.,.,.,.,.,.,.,.,.,.,.,.,.,.,.,.,.,.,.,.,.,.,.,.,.,.,.,.,.,.,.,.,.,0.000,0.061,0.487,0.133,0,3.64,0.407,0.526,0.225,0.856,0.374,0.000,0.063,0.996,0.625,10.829,0.457,GPCR\x2c rhodopsin-like\x2c 7TM,.,.,.,.,.,.,.,.,.,.,.,.,.,.,.,.,.,.,.,hom,48.1,73,chr14,21634283,.,G,C,48.1,PASS,.,GT:GQ:DP:AD:VAF:PL,"1/1:46:73:0,73:1:48,49,0"
chr14,31483548,31483548,G,A,exonic,GPR33,"",stopgain,GPR33:NM_001197184:exon2:c.C418T:p.R140X,.,.,.,.,.,.,.,.,.,.,.,.,.,.,.,.,.,.,.,.,.,.,.,.,.,.,.,.,.,.,.,.,.,.,.,.,.,.,.,.,.,.,.,.,.,.,.,.,.,.,.,.,.,.,.,.,.,.,.,.,.,.,.,.,.,.,.,.,.,.,.,.,.,.,.,.,.,.,.,0.009,0.119,0.054,0.004,0,3.15,0.351,2.161,0.417,1.048,0.713,1.000,0.715,1.000,0.888,6.658,0.220,GPCR\x2c rhodopsin-like\x2c 7TM,.,.,.,.,.,.,.,.,.,.,.,.,.,.,.,.,.,.,.,hom,55.7,105,chr14,31483548,.,G,A,55.7,PASS,.,GT:GQ:DP:AD:VAF:PL,"1/1:47:105:0,105:1:55,47,0"
chr14,60975636,60975636,G,A,exonic,TRMT5,"",nonsynonymous SNV,"TRMT5:NM_001350253:exon4:c.C1367T:p.A456V,TRMT5:NM_001350254:exon4:c.C1364T:p.A455V,TRMT5:NM_020810:exon4:c.C1283T:p.A428V",0.0006,.,.,.,0.003,.,0.0016,9.61e-05,8.637e-05,0,0.0048,0.0021,0.0055,0.0007,0.0009,.,0.0014,.,0.0082,rs45604437,.,.,.,.,.,.,.,.,.,.,.,.,.,0.278,0.156,T,0.0,0.026,B,0.001,0.040,B,0.010,0.302,N,0.792,0.344,D,1.615,0.415,L,1.98,0.219,T,-0.67,0.193,N,0.109,0.117,-1.044,0.160,T,0.043,0.183,T,0.004,0.103,T,1.476,0.240,13.18,0.767,0.112,0.858,0.447,D,c,-0.347,-0.209,1.000,0.747,0.707,0.730,0,3.83,0.431,2.336,0.434,1.048,0.713,0.840,0.300,0.983,0.502,12.059,0.527,S-adenosyl-L-methionine-dependent methyltransferase|SAM-dependent methyltransferase TRM5/TYW2-type,.,.,0.0015,6.534e-05,8.933e-05,0.0005,0,0.0049,0.0020,0.0013,0.0007,0.0047,0,0,0.0033,0,0.0043,0.0081,0.0071,hom,62.2,94,chr14,60975636,.,G,A,62.2,PASS,.,GT:GQ:DP:AD:VAF:PL,"1/1:51:94:0,94:1:62,51,0"
chr14,64425794,64425794,A,G,exonic,MTHFD1,"",nonsynonymous SNV,MTHFD1:NM_005956:exon10:c.A920G:p.Y307C,0.0018,.,.,.,.,0.0092,0.0012,0,8.639e-05,0,0,1.5e-05,0,0.0086,.,.,.,.,.,rs577555809,COSM5980620;COSM5980621,1(upper_aerodigestive_tract),.,.,.,.,.,.,.,.,.,.,.,0.181,0.219,T,0.002,0.574,B,0.008,0.572,B,0.000,0.481,D,1.000,0.810,D,1.85,0.492,L,2.75,0.116,T,-2.03,0.466,N,0.617,0.661,-1.126,0.020,T,0.080,0.316,T,0.023,0.459,T,3.348,0.461,22.9,0.995,0.669,0.980,0.788,D,c,0.069,0.138,1.000,0.747,0.707,0.730,0,5.2,0.716,5.831,0.688,1.194,0.916,1.000,0.715,0.821,0.343,9.693,0.391,.,.,.,0.0010,0,0,0,0,0,0,0.0002,0.0083,.,.,.,.,.,.,.,.,hom,63.3,73,chr14,64425794,.,A,G,63.3,PASS,.,GT:GQ:DP:AD:VAF:PL,"1/1:56:73:0,73:1:63,56,0"
chr14,69796879,69796879,T,C,exonic,SLC10A1,"",nonsynonymous SNV,SLC10A1:NM_003049:exon1:c.A277G:p.I93V,0.0004,.,.,.,.,0.002,0.0003,0,0,0,0,0,0,0.0025,.,.,.,.,.,rs200105842,.,.,.,.,.,.,.,.,.,.,.,.,.,1.0,0.010,T,0.01,0.144,B,0.027,0.198,B,0.000,0.843,D,0.941,0.373,D,0.37,0.121,N,2.83,0.108,T,0.49,0.030,N,0.193,0.236,-0.990,0.326,T,0.010,0.037,T,0.004,0.086,T,-0.864,0.037,0.031,0.231,0.010,0.732,0.355,D,c,-0.692,-0.479,1.000,0.413,0.487,0.133,0,3.87,0.437,1.963,0.398,1.042,0.661,0.993,0.376,0.831,0.347,7.337,0.256,.,.,.,0.0003,0,0,0,0,0,0,0,0.0024,.,.,.,.,.,.,.,.,hom,59.4,81,chr14,69796879,.,T,C,59.4,PASS,.,GT:GQ:DP:AD:VAF:PL,"1/1:54:81:0,81:1:59,55,0"
chr14,104945993,104945993,A,T,exonic,AHNAK2,"",nonsynonymous SNV,"AHNAK2:NM_001350929:exon7:c.T9158A:p.F3053Y,AHNAK2:NM_138420:exon7:c.T9458A:p.F3153Y",.,.,.,.,.,.,1.992e-05,0,0,0,0,3.881e-05,0,0,.,.,.,.,.,rs192308340,.,.,.,.,.,.,.,.,.,.,.,.,.,0.027,0.465,D,0.996,0.670,D,0.979,0.728,D,.,.,.,1,0.090,N,2.415,0.700,M,4.7,0.017,T,-1.42,0.350,N,0.313,0.374,-1.020,0.237,T,0.000,0.000,T,0.005,0.118,T,3.360,0.462,22.9,0.951,0.257,0.262,0.227,N,c,-0.224,-0.468,0.001,0.076,0.651,0.465,0,3.29,0.366,1.575,0.359,0.887,0.390,0.002,0.151,0.001,0.043,7.226,0.250,.,.,.,0.0007,0.0002,0.0002,0.0048,5.863e-05,0.0002,0.0010,0.0009,0.0006,.,.,.,.,.,.,.,.,hom,22.2,3,chr14,104945993,.,A,T,22.2,PASS,.,GT:GQ:DP:AD:VAF:PL,"1/1:15:3:0,2:0.666667:22,15,0"
chr17,38297242,38297242,C,T,exonic,MRPL45,"",nonsynonymous SNV,"MRPL45:NM_001278279:exon1:c.C59T:p.S20F,MRPL45:NM_032351:exon1:c.C59T:p.S20F",.,.,.,.,.,.,.,.,.,.,.,.,.,.,.,.,.,.,.,.,.,.,.,.,.,.,.,.,.,.,.,.,.,.,.,.,.,.,.,.,.,.,.,.,.,.,.,.,.,.,.,.,.,.,.,.,.,.,.,.,.,.,.,.,.,.,.,.,.,.,.,.,.,.,.,.,.,.,.,1.000,0.747,0.442,0.072,0,3.31,0.369,1.114,0.306,0.850,0.350,1.000,0.715,1.000,0.888,6.671,0.221,.,.,.,.,.,.,.,.,.,.,.,.,.,.,.,.,.,.,.,.,hom,37.5,66,chr17,38297242,.,C,T,37.5,PASS,.,GT:GQ:DP:AD:VAF:PL,"1/1:25:66:2,64:0.969697:37,25,0"
chr19,44386639,44386639,C,T,exonic,ZNF285,"",nonsynonymous SNV,"ZNF285:NM_001291491:exon3:c.G1141A:p.G381R,ZNF285:NM_001291489:exon4:c.G1606A:p.G536R,ZNF285:NM_152354:exon4:c.G1606A:p.G536R,ZNF285:NM_001291488:exon5:c.G1627A:p.G543R,ZNF285:NM_001291490:exon5:c.G1141A:p.G381R",.,.,.,.,.,.,.,.,.,.,.,.,.,.,.,.,.,.,.,.,.,.,.,.,.,.,.,.,.,.,.,.,.,.,.,.,.,.,.,.,.,.,.,.,.,.,.,.,.,.,.,.,.,.,.,.,.,.,.,.,.,.,.,.,.,.,.,.,.,.,.,.,.,.,.,.,.,.,.,0.002,0.091,0.554,0.246,0,3.6,0.402,2.350,0.435,0.774,0.313,0.043,0.209,0.899,0.380,10.394,0.432,Zinc finger C2H2-type/integrase DNA-binding domain|Zinc finger\x2c C2H2,.,.,.,.,.,.,.,.,.,.,.,.,.,.,.,.,.,.,.,hom,57.7,46,chr19,44386639,.,C,T,57.7,PASS,.,GT:GQ:DP:AD:VAF:PL,"1/1:37:46:0,46:1:57,36,0"
chr19,54158305,54158305,T,C,exonic,LENG1,"",nonsynonymous SNV,LENG1:NM_024316:exon2:c.A289G:p.K97E,.,.,.,.,.,.,.,.,.,.,.,.,.,.,.,.,.,.,.,.,.,.,.,.,.,.,.,.,.,.,.,.,.,.,.,.,.,.,.,.,.,.,.,.,.,.,.,.,.,.,.,.,.,.,.,.,.,.,.,.,.,.,.,.,.,.,.,.,.,.,.,.,.,.,.,.,.,.,.,1.000,0.747,0.722,0.854,0,5.14,0.699,2.983,0.488,0.069,0.176,0.993,0.376,0.944,0.418,17.825,0.885,.,.,.,.,.,.,.,.,.,.,.,.,.,.,.,.,.,.,.,.,hom,55.2,59,chr19,54158305,.,T,C,55.2,PASS,.,GT:GQ:DP:AD:VAF:PL,"1/1:51:59:0,59:1:55,53,0"
chr21,44579776,44579776,G,C,exonic,KRTAP10-5,"",nonsynonymous SNV,KRTAP10-5:NM_198694:exon1:c.C803G:p.P268R,.,.,.,.,.,.,.,.,.,.,.,.,.,.,.,.,.,.,.,.,.,.,.,.,.,.,.,.,.,.,.,.,.,.,.,.,.,.,.,.,.,.,.,.,.,.,.,.,.,.,.,.,.,.,.,.,.,.,.,.,.,.,.,.,.,.,.,.,.,.,.,.,.,.,.,.,.,.,.,0.753,0.234,0.487,0.133,0,3.68,0.412,-0.812,0.046,-0.893,0.027,0.000,0.063,0.000,0.016,13.252,0.593,.,.,.,.,.,.,.,.,.,.,.,.,.,.,.,.,.,.,.,.,hom,52.7,39,chr21,44579776,.,G,C,52.7,PASS,.,GT:GQ:DP:AD:VAF:PL,"1/1:50:39:0,39:1:52,53,0"
chrX,77682471,77682471,C,G,exonic,ATRX,"",nonsynonymous SNV,"ATRX:NM_138270:exon8:c.G2671C:p.E891Q,ATRX:NM_000489:exon9:c.G2785C:p.E929Q",.,.,.,.,.,.,.,.,.,.,.,.,.,.,.,.,.,.,.,.,.,.,.,.,.,.,.,.,.,.,.,.,.,.,.,.,.,.,.,.,.,.,.,.,.,.,.,.,.,.,.,.,.,.,.,.,.,.,.,.,.,.,.,.,.,.,.,.,.,.,.,.,.,.,.,.,.,.,.,1.000,0.427,.,.,.,4.93,0.643,0.280,0.184,0.935,0.490,0.003,0.159,0.675,0.304,9.941,0.406,.,.,.,.,.,.,.,.,.,.,.,.,.,.,.,.,.,.,.,.,hom,55.8,61,chrX,77682471,.,C,G,55.8,PASS,.,GT:GQ:DP:AD:VAF:PL,"1/1:45:61:0,59:0.967213:55,45,0"
chrX,111330994,111330994,C,A,exonic,DCX,"",nonsynonymous SNV,"DCX:NM_000555:exon5:c.G1099T:p.A367S,DCX:NM_001195553:exon5:c.G856T:p.A286S,DCX:NM_178151:exon5:c.G856T:p.A286S,DCX:NM_178152:exon5:c.G856T:p.A286S,DCX:NM_178153:exon5:c.G856T:p.A286S",.,.,.,.,.,.,0.0004,0,0,0,0.0002,0.0007,0,0.0004,0.0005,.,0.0007,.,.,rs149495971,.,.,Likely benign,not_specified,RCV000195043.2,MedGen,CN169374,.,.,.,.,.,.,0.564,0.092,T,0.001,0.067,B,0.002,0.063,B,0.001,0.420,D,0.531,0.320,D,0.205,0.094,N,1.9,0.237,T,0.33,0.042,N,0.157,0.188,-1.008,0.277,T,0.052,0.219,T,0.055,0.662,D,2.490,0.361,19.40,0.968,0.306,0.735,0.356,D,.,.,.,0.310,0.193,.,.,.,4.46,0.534,2.868,0.479,0.935,0.490,1.000,0.715,1.000,0.888,10.000,0.409,Doublecortin domain,.,.,0.0004,0,0.0001,0.0001,0,0.0002,0.0007,0.0002,0.0006,0.0002,0,0,0,0,0.0004,0.0003,0,hom,53.8,51,chrX,111330994,.,C,A,53.8,PASS,.,GT:GQ:DP:AD:VAF:PL,"1/1:45:51:0,51:1:53,45,0"
